Triage Reason,precision,recall,f1-score,support
COVID,0.6666666666666666,0.25,0.36363636363636365,8.0
Flu,0.3333333333333333,0.2,0.25,5.0
Lice,0.5571428571428572,0.5909090909090909,0.5735294117647058,66.0
Varicella,0.5161290322580645,0.5423728813559322,0.5289256198347108,59.0
accuracy,0.5362318840579711,0.5362318840579711,0.5362318840579711,0.5362318840579711
macro avg,0.5183179723502305,0.3958204930662558,0.42902284880894503,138.0
weighted avg,0.5378481266279302,0.5362318840579711,0.5305698815638364,138.0
